{"combo:humidity_high,pressure_low": 1777633504.1688275, "combo:humidity_high,pressure_change,pressure_low": 1777667258.894752, "combo:humidity_high,pressure_low,wind_ne": 1777204972.5334487, "combo:pressure_change,pressure_low": 1777637521.150681, "combo:pressure_change,pressure_low,wind_ne": 1777621263.7572424, "combo:pressure_low,wind_ne": 1777199135.4058578, "combo:humidity_high,pressure_change,pressure_low,wind_ne": 1776287632.4642992, "combo:pressure_change,wind_ne": 1777611977.4663396, "combo:humidity_high,wind_ne": 1777415454.9275374, "combo:humidity_high,pressure_change": 1777658290.8770428, "combo:humidity_high,pressure_change,wind_ne": 1777136923.9475935, "single:humidity_high": 1777667257.2176445, "single:pressure_change": 1777667258.03313, "single:pressure_low": 1777667256.3470812}