{"combo:humidity_high,pressure_low": 1777161728.2595105, "combo:humidity_high,pressure_change,pressure_low": 1777145116.3092444, "combo:humidity_high,pressure_low,wind_ne": 1776294586.5411367, "combo:pressure_change,pressure_low": 1777184573.3941512, "combo:pressure_change,pressure_low,wind_ne": 1776542325.4372942, "combo:pressure_low,wind_ne": 1776593256.5443392, "combo:humidity_high,pressure_change,pressure_low,wind_ne": 1776287632.4642992, "combo:pressure_change,wind_ne": 1776539666.9050014, "combo:humidity_high,wind_ne": 1777133081.3763754, "combo:humidity_high,pressure_change": 1777058924.1404195, "combo:humidity_high,pressure_change,wind_ne": 1777136923.9475935, "single:pressure_low": 1777184571.2325928, "single:pressure_change": 1777184572.3011653}