{"single:pressure_low": 1776157264.4879687, "combo:humidity_high,pressure_low": 1776133663.7251983, "combo:humidity_high,pressure_change,pressure_low": 1776108308.3522935, "combo:humidity_high,pressure_low,wind_ne": 1776116876.0852969, "combo:pressure_change,pressure_low": 1776157266.917089, "combo:pressure_change,pressure_low,wind_ne": 1775980955.1464276, "combo:pressure_low,wind_ne": 1775999117.667672, "combo:humidity_high,pressure_change,pressure_low,wind_ne": 1776029620.8526201, "single:pressure_change": 1776157265.551105}