{"single:pressure_low": 1776287629.2707732, "combo:humidity_high,pressure_low": 1776284050.760753, "combo:humidity_high,pressure_change,pressure_low": 1776280514.4845555, "combo:humidity_high,pressure_low,wind_ne": 1776269058.5234537, "combo:pressure_change,pressure_low": 1776236878.3691752, "combo:pressure_change,pressure_low,wind_ne": 1776243703.711045, "combo:pressure_low,wind_ne": 1776254137.3842812, "combo:humidity_high,pressure_change,pressure_low,wind_ne": 1776287632.4642992, "single:humidity_high": 1776287630.388375, "single:wind_ne": 1776287628.0810044, "single:pressure_change": 1776287631.4291925}