{"single:pressure_low": 1776123664.4883466, "combo:humidity_high,pressure_low": 1776123666.6211228, "combo:humidity_high,pressure_change,pressure_low": 1776108308.3522935, "combo:humidity_high,pressure_low,wind_ne": 1776116876.0852969, "combo:pressure_change,pressure_low": 1776067300.7634845, "combo:pressure_change,pressure_low,wind_ne": 1775980955.1464276, "combo:pressure_low,wind_ne": 1775999117.667672, "combo:humidity_high,pressure_change,pressure_low,wind_ne": 1776029620.8526201, "single:humidity_high": 1776123665.541301}