{"single:pressure_low": 1776036814.1470597, "combo:humidity_high,pressure_low": 1776012743.0659416, "combo:humidity_high,pressure_change,pressure_low": 1775943096.1914153, "combo:humidity_high,pressure_low,wind_ne": 1776036815.806611, "combo:pressure_change,pressure_low": 1775970695.1789138, "combo:pressure_change,pressure_low,wind_ne": 1775980955.1464276, "combo:pressure_low,wind_ne": 1775999117.667672, "single:humidity_high": 1776036814.99225, "single:wind_ne": 1776036813.3104932, "combo:humidity_high,pressure_change,pressure_low,wind_ne": 1776029620.8526201}