{"single:pressure_low": 1775991953.573732, "combo:humidity_high,pressure_low": 1775960925.5919719, "combo:humidity_high,pressure_change,pressure_low": 1775943096.1914153, "combo:humidity_high,pressure_low,wind_ne": 1775946666.754297, "combo:pressure_change,pressure_low": 1775970695.1789138, "combo:pressure_change,pressure_low,wind_ne": 1775980955.1464276, "single:wind_ne": 1775991952.607143, "combo:pressure_low,wind_ne": 1775991954.5624332}