{"combo:humidity_high,pressure_low": 1776343326.3268976, "combo:humidity_high,pressure_change,pressure_low": 1776319254.9747627, "combo:humidity_high,pressure_low,wind_ne": 1776294586.5411367, "combo:pressure_change,pressure_low": 1776502141.0548453, "combo:pressure_change,pressure_low,wind_ne": 1776243703.711045, "combo:pressure_low,wind_ne": 1776508725.1052275, "combo:humidity_high,pressure_change,pressure_low,wind_ne": 1776287632.4642992, "single:wind_ne": 1776539665.118486, "single:pressure_change": 1776539665.984281, "combo:pressure_change,wind_ne": 1776539666.9050014}