{"combo:humidity_high,pressure_low": 1776599882.2342813, "combo:humidity_high,pressure_change,pressure_low": 1776319254.9747627, "combo:humidity_high,pressure_low,wind_ne": 1776294586.5411367, "combo:pressure_change,pressure_low": 1776586163.8213203, "combo:pressure_change,pressure_low,wind_ne": 1776542325.4372942, "combo:pressure_low,wind_ne": 1776593256.5443392, "combo:humidity_high,pressure_change,pressure_low,wind_ne": 1776287632.4642992, "combo:pressure_change,wind_ne": 1776539666.9050014, "combo:humidity_high,wind_ne": 1777126381.4209423, "combo:humidity_high,pressure_change": 1777058924.1404195, "combo:humidity_high,pressure_change,wind_ne": 1777051772.6982396, "single:wind_ne": 1777126379.6423967, "single:humidity_high": 1777126380.5589252}