{"single:pressure_low": 1776259443.5774937, "combo:humidity_high,pressure_low": 1776133663.7251983, "combo:humidity_high,pressure_change,pressure_low": 1776108308.3522935, "combo:humidity_high,pressure_low,wind_ne": 1776259445.7202048, "combo:pressure_change,pressure_low": 1776236878.3691752, "combo:pressure_change,pressure_low,wind_ne": 1776243703.711045, "combo:pressure_low,wind_ne": 1776254137.3842812, "combo:humidity_high,pressure_change,pressure_low,wind_ne": 1776196101.4344742, "single:wind_ne": 1776259442.5654447, "single:humidity_high": 1776259444.6279385}