{"single:pressure_low": 1776274720.9241168, "combo:humidity_high,pressure_low": 1776274723.0659482, "combo:humidity_high,pressure_change,pressure_low": 1776108308.3522935, "combo:humidity_high,pressure_low,wind_ne": 1776269058.5234537, "combo:pressure_change,pressure_low": 1776236878.3691752, "combo:pressure_change,pressure_low,wind_ne": 1776243703.711045, "combo:pressure_low,wind_ne": 1776254137.3842812, "combo:humidity_high,pressure_change,pressure_low,wind_ne": 1776196101.4344742, "single:humidity_high": 1776274721.9847965}