{"combo:humidity_high,pressure_low": 1777239389.5945, "combo:humidity_high,pressure_change,pressure_low": 1777235805.2816725, "combo:humidity_high,pressure_low,wind_ne": 1777204972.5334487, "combo:pressure_change,pressure_low": 1777184573.3941512, "combo:pressure_change,pressure_low,wind_ne": 1777621263.7572424, "combo:pressure_low,wind_ne": 1777199135.4058578, "combo:humidity_high,pressure_change,pressure_low,wind_ne": 1776287632.4642992, "combo:pressure_change,wind_ne": 1777611977.4663396, "combo:humidity_high,wind_ne": 1777415454.9275374, "combo:humidity_high,pressure_change": 1777405191.5207803, "combo:humidity_high,pressure_change,wind_ne": 1777136923.9475935, "single:wind_ne": 1777621260.6581578, "single:pressure_change": 1777621262.708048, "single:pressure_low": 1777621261.7034073}