{"single:pressure_low": 1775985102.240324, "combo:humidity_high,pressure_low": 1775960925.5919719, "combo:humidity_high,pressure_change,pressure_low": 1775943096.1914153, "combo:humidity_high,pressure_low,wind_ne": 1775946666.754297, "combo:pressure_change,pressure_low": 1775970695.1789138, "combo:pressure_change,pressure_low,wind_ne": 1775980955.1464276}