{"single:pressure_low": 1776196098.2950902, "combo:humidity_high,pressure_low": 1776133663.7251983, "combo:humidity_high,pressure_change,pressure_low": 1776108308.3522935, "combo:humidity_high,pressure_low,wind_ne": 1776189842.258616, "combo:pressure_change,pressure_low": 1776157266.917089, "combo:pressure_change,pressure_low,wind_ne": 1775980955.1464276, "combo:pressure_low,wind_ne": 1775999117.667672, "combo:humidity_high,pressure_change,pressure_low,wind_ne": 1776196101.4344742, "single:wind_ne": 1776196097.2309813, "single:humidity_high": 1776196099.351323, "single:pressure_change": 1776196100.365961}