{"single:pressure_low": 1776219960.6156285, "combo:humidity_high,pressure_low": 1776133663.7251983, "combo:humidity_high,pressure_change,pressure_low": 1776108308.3522935, "combo:humidity_high,pressure_low,wind_ne": 1776219962.4886434, "combo:pressure_change,pressure_low": 1776157266.917089, "combo:pressure_change,pressure_low,wind_ne": 1775980955.1464276, "combo:pressure_low,wind_ne": 1775999117.667672, "combo:humidity_high,pressure_change,pressure_low,wind_ne": 1776196101.4344742, "single:wind_ne": 1776219959.688034, "single:humidity_high": 1776219961.599002}