{"single:pressure_low": 1776297960.149665, "combo:humidity_high,pressure_low": 1776297962.0909646, "combo:humidity_high,pressure_change,pressure_low": 1776290982.6924405, "combo:humidity_high,pressure_low,wind_ne": 1776294586.5411367, "combo:pressure_change,pressure_low": 1776236878.3691752, "combo:pressure_change,pressure_low,wind_ne": 1776243703.711045, "combo:pressure_low,wind_ne": 1776254137.3842812, "combo:humidity_high,pressure_change,pressure_low,wind_ne": 1776287632.4642992, "single:humidity_high": 1776297961.1166866}