{"single:pressure_low": 1775960923.9435337, "single:humidity_high": 1775960924.7372322, "combo:humidity_high,pressure_low": 1775960925.5919719, "combo:humidity_high,pressure_change,pressure_low": 1775943096.1914153, "combo:humidity_high,pressure_low,wind_ne": 1775946666.754297}