{"single:pressure_low": 1776033190.022166, "combo:humidity_high,pressure_low": 1776012743.0659416, "combo:humidity_high,pressure_change,pressure_low": 1775943096.1914153, "combo:humidity_high,pressure_low,wind_ne": 1776033191.9927464, "combo:pressure_change,pressure_low": 1775970695.1789138, "combo:pressure_change,pressure_low,wind_ne": 1775980955.1464276, "combo:pressure_low,wind_ne": 1775999117.667672, "single:humidity_high": 1776033191.0058706, "single:wind_ne": 1776033189.048919, "combo:humidity_high,pressure_change,pressure_low,wind_ne": 1776029620.8526201}