{"single:pressure_low": 1776280511.4144359, "combo:humidity_high,pressure_low": 1776274723.0659482, "combo:humidity_high,pressure_change,pressure_low": 1776280514.4845555, "combo:humidity_high,pressure_low,wind_ne": 1776269058.5234537, "combo:pressure_change,pressure_low": 1776236878.3691752, "combo:pressure_change,pressure_low,wind_ne": 1776243703.711045, "combo:pressure_low,wind_ne": 1776254137.3842812, "combo:humidity_high,pressure_change,pressure_low,wind_ne": 1776196101.4344742, "single:humidity_high": 1776280512.4058106, "single:pressure_change": 1776280513.4306529}