{"combo:humidity_high,pressure_low": 1777677986.491873, "combo:humidity_high,pressure_change,pressure_low": 1777670790.113681, "combo:humidity_high,pressure_low,wind_ne": 1777204972.5334487, "combo:pressure_change,pressure_low": 1777637521.150681, "combo:pressure_change,pressure_low,wind_ne": 1777621263.7572424, "combo:pressure_low,wind_ne": 1777199135.4058578, "combo:humidity_high,pressure_change,pressure_low,wind_ne": 1776287632.4642992, "combo:pressure_change,wind_ne": 1777611977.4663396, "combo:humidity_high,wind_ne": 1777415454.9275374, "combo:humidity_high,pressure_change": 1777658290.8770428, "combo:humidity_high,pressure_change,wind_ne": 1777136923.9475935, "single:humidity_high": 1777677985.506229, "single:pressure_low": 1777677984.5158777}