{"single:pressure_low": 1776184830.6978035, "combo:humidity_high,pressure_low": 1776133663.7251983, "combo:humidity_high,pressure_change,pressure_low": 1776108308.3522935, "combo:humidity_high,pressure_low,wind_ne": 1776184832.5757258, "combo:pressure_change,pressure_low": 1776157266.917089, "combo:pressure_change,pressure_low,wind_ne": 1775980955.1464276, "combo:pressure_low,wind_ne": 1775999117.667672, "combo:humidity_high,pressure_change,pressure_low,wind_ne": 1776029620.8526201, "single:wind_ne": 1776184829.8255868, "single:humidity_high": 1776184831.643524}