{"single:pressure_low": 1776029617.748262, "combo:humidity_high,pressure_low": 1776012743.0659416, "combo:humidity_high,pressure_change,pressure_low": 1775943096.1914153, "combo:humidity_high,pressure_low,wind_ne": 1776026078.4436264, "combo:pressure_change,pressure_low": 1775970695.1789138, "combo:pressure_change,pressure_low,wind_ne": 1775980955.1464276, "combo:pressure_low,wind_ne": 1775999117.667672, "single:humidity_high": 1776029618.778561, "single:wind_ne": 1776029616.6371546, "combo:humidity_high,pressure_change,pressure_low,wind_ne": 1776029620.8526201, "single:pressure_change": 1776029619.7665899}