{"single:pressure_low": 1776294584.4217854, "combo:humidity_high,pressure_low": 1776284050.760753, "combo:humidity_high,pressure_change,pressure_low": 1776290982.6924405, "combo:humidity_high,pressure_low,wind_ne": 1776294586.5411367, "combo:pressure_change,pressure_low": 1776236878.3691752, "combo:pressure_change,pressure_low,wind_ne": 1776243703.711045, "combo:pressure_low,wind_ne": 1776254137.3842812, "combo:humidity_high,pressure_change,pressure_low,wind_ne": 1776287632.4642992, "single:humidity_high": 1776294585.5012047, "single:wind_ne": 1776294583.3086846}