{"single:pressure_low": 1775943093.4718242, "single:humidity_high": 1775943094.3230813, "combo:humidity_high,pressure_low": 1775939526.9260328, "single:pressure_change": 1775943095.24289, "combo:humidity_high,pressure_change,pressure_low": 1775943096.1914153}