{"single:pressure_low": 1776080974.435158, "combo:humidity_high,pressure_low": 1776080976.5352848, "combo:humidity_high,pressure_change,pressure_low": 1775943096.1914153, "combo:humidity_high,pressure_low,wind_ne": 1776036815.806611, "combo:pressure_change,pressure_low": 1776067300.7634845, "combo:pressure_change,pressure_low,wind_ne": 1775980955.1464276, "combo:pressure_low,wind_ne": 1775999117.667672, "combo:humidity_high,pressure_change,pressure_low,wind_ne": 1776029620.8526201, "single:humidity_high": 1776080975.4929256}