{"combo:humidity_high,pressure_low": 1777239389.5945, "combo:humidity_high,pressure_change,pressure_low": 1777235805.2816725, "combo:humidity_high,pressure_low,wind_ne": 1777204972.5334487, "combo:pressure_change,pressure_low": 1777184573.3941512, "combo:pressure_change,pressure_low,wind_ne": 1777195811.9239671, "combo:pressure_low,wind_ne": 1777199135.4058578, "combo:humidity_high,pressure_change,pressure_low,wind_ne": 1776287632.4642992, "combo:pressure_change,wind_ne": 1777312104.701991, "combo:humidity_high,wind_ne": 1777415454.9275374, "combo:humidity_high,pressure_change": 1777405191.5207803, "combo:humidity_high,pressure_change,wind_ne": 1777136923.9475935}